{
    "dataset_overview": {
        "video_duration_sec": 308.52851034631567,
        "processed_frames": 9269,
        "estimated_video_fps": 30.03936326531647,
        "num_zones": 8
    },
    "global_summary": {
        "video_duration_sec": 308.52851034631567,
        "processed_frames": 9269,
        "estimated_video_fps": 30.03936326531647,
        "mean_total_count": 172.54871075628438,
        "median_total_count": 158.0,
        "min_total_count": 76,
        "max_total_count": 323,
        "std_total_count": 46.69706186316555,
        "mean_abs_count_change": 7.638795986622074,
        "max_positive_count_change": 52.0,
        "max_negative_count_change": -48.0,
        "mean_full_pipeline_fps": 1.6161219347562221,
        "median_full_pipeline_fps": 1.6156247399934054,
        "mean_processing_time_sec": 0.618863995142875,
        "median_processing_time_sec": 0.6189556121826172
    },
    "highest_mean_count_zone": {
        "zone_name": "sidewalk_right",
        "zone_short_id": "SW2",
        "frames_observed": 9269,
        "mean_count": 45.95598230661344,
        "median_count": 47.0,
        "min_count": 8,
        "max_count": 80,
        "std_count": 12.596096054736302,
        "mean_density": 0.0004337229471069177,
        "median_density": 0.0004435761676906,
        "min_density": 7.550232641543197e-05,
        "max_density": 0.0007550232641543,
        "std_density": 0.00011887931948560437,
        "zone_area_pixels": 105957.0,
        "count_variability": 0.2740904540005781,
        "density_variability": 0.2740904533746258
    },
    "highest_max_count_zone": {
        "zone_name": "crosswalk_main",
        "zone_short_id": "CW1",
        "frames_observed": 9269,
        "mean_count": 39.484734059769124,
        "median_count": 6.0,
        "min_count": 0,
        "max_count": 204,
        "std_count": 56.9086687468242,
        "mean_density": 4.402380887368076e-05,
        "median_density": 6.689746291371892e-06,
        "min_density": 0.0,
        "max_density": 0.0002274513739066,
        "std_density": 6.345075928264335e-05,
        "zone_area_pixels": 896895.0,
        "count_variability": 1.4412828172842371,
        "density_variability": 1.4412827845819136
    },
    "highest_mean_density_zone": {
        "zone_name": "sidewalk_top",
        "zone_short_id": "SW1",
        "frames_observed": 9269,
        "mean_count": 14.990937533714533,
        "median_count": 15.0,
        "min_count": 0,
        "max_count": 40,
        "std_count": 6.076348854597271,
        "mean_density": 0.0005144718339555519,
        "median_density": 0.0005147828474355,
        "min_density": 0.0,
        "max_density": 0.001372754259828,
        "std_density": 0.00020853334435873522,
        "zone_area_pixels": 29138.5,
        "count_variability": 0.40533481248429337,
        "density_variability": 0.40533481172346697
    },
    "highest_max_density_zone": {
        "zone_name": "crosswalk_top",
        "zone_short_id": "CW3",
        "frames_observed": 9269,
        "mean_count": 2.954579782069263,
        "median_count": 2.0,
        "min_count": 0,
        "max_count": 40,
        "std_count": 4.166266565158345,
        "mean_density": 0.00023666931929419368,
        "median_density": 0.0001602050624799,
        "min_density": 0.0,
        "max_density": 0.0032041012495992,
        "std_density": 0.00033372849768967147,
        "zone_area_pixels": 12484.0,
        "count_variability": 1.4101046074411174,
        "density_variability": 1.4101046019603538
    },
    "highest_high_or_critical_duration_zone": {
        "zone_name": "sidewalk_right",
        "LOW": 0,
        "MEDIUM": 195,
        "HIGH": 817,
        "CRITICAL": 8257,
        "LOW_frames": 0,
        "LOW_seconds": 0.0,
        "MEDIUM_frames": 195,
        "MEDIUM_seconds": 6.491482468443248,
        "HIGH_frames": 817,
        "HIGH_seconds": 27.197647060092994,
        "CRITICAL_frames": 8257,
        "CRITICAL_seconds": 274.87267047146617,
        "total_frames": 9269,
        "total_seconds": 308.5618000000024,
        "high_or_critical_frames": 9074,
        "high_or_critical_seconds": 302.07031753155917,
        "high_or_critical_percent": 97.89621318373072
    },
    "highest_accumulating_zone": {
        "zone_name": "sidewalk_top",
        "ACCUMULATING": 2455,
        "DISPERSING": 2477,
        "STABLE": 4337,
        "total_frames": 9269,
        "ACCUMULATING_percent": 26.486136584313304,
        "DISPERSING_percent": 26.72348689178984,
        "STABLE_percent": 46.79037652389686
    },
    "top_peak_frame": {
        "frame_id": 5186.0,
        "timestamp_sec": 172.64014400690473,
        "total_count": 323.0,
        "inference_time_sec": 0.6274709701538086,
        "inference_fps": 1.5936992268421204,
        "total_count_change": 45.0,
        "total_count_change_abs": 45.0,
        "rolling_mean_count_5s": 272.73333333333335,
        "rolling_mean_count_change_5s": 0.21333333333333335
    },
    "top_lead_lag_relationship": {
        "zone_a": "crosswalk_left",
        "zone_b": "crosswalk_main",
        "best_lag_frames": -64,
        "best_lag_seconds": -2.1305378357967584,
        "best_correlation": 0.8763574986298815,
        "interpretation": "crosswalk_main tends to lead crosswalk_left by 2.13s"
    },
    "refined_anomaly_summary": {
        "refined_spike_events_total": 137,
        "highest_spike_zone": "sidewalk_top",
        "highest_spike_zone_event_count": 35,
        "refined_multi_zone_alert_events_total": 6,
        "refined_multi_zone_alert_total_duration_sec": 22.470516236918733,
        "refined_multi_zone_alert_percent": 7.283124730254631
    },
    "entropy_summary": {
        "mean_entropy": 1.5107590310975085,
        "median_entropy": 1.5496380851308365,
        "min_entropy": 0.6817051216879215,
        "max_entropy": 1.9340276497911582,
        "mean_normalized_entropy": 0.7265215207141972,
        "median_normalized_entropy": 0.745218393530309,
        "min_normalized_entropy": 0.32783086613592394,
        "max_normalized_entropy": 0.9300706997652803
    },
    "outputs": {
        "tables": "/kaggle/working/crowd_outputs/analysis_5min_refined/tables",
        "figures": "/kaggle/working/crowd_outputs/analysis_5min_refined/figures",
        "insights": "/kaggle/working/crowd_outputs/analysis_5min_refined/insights"
    }
}