model,dataset,frames,mae,rmse,avg_fps,avg_time_sec,total_tp,total_fp,total_fn,mean_gt,mean_pred,precision,recall,f1,mean_pred_points
FIDTM,FDST,6000,3.6135,4.736577526723981,2.2691818209712533,0.4895579456356582,89871,27295,37646,21.25283333333333,19.527666666666665,0.7670399262584708,0.7047766180195582,0.7345912875026055,
FIDTM,Mall,2000,3.167,3.9378928375464968,8.957015732995814,0.1134029341404991,41897,15786,20418,31.1575,28.8415,0.7263318482048438,0.6723421327128299,0.6982949715828596,
PET,FDST,6000,3.5036666666666667,4.7788422586787,1.7924702820835876,0.6490285618158131,94477,32524,33040,21.25283333333333,21.166833333333333,0.7439075282871789,0.7408972921257558,0.7423993587879837,
PET,Mall,2000,3.4055,4.341255578746775,7.868526147968152,0.1271553777245053,37748,20890,24567,31.1575,29.319,0.6437463760701252,0.6057610527160395,0.6241763329557762,
STEERER,FDST,6000,3.104901890595754,3.979734649916372,2.2262874972406603,0.4491835986303325,105990,23171,21527,21.25283333333333,19.0116205201149,0.820603742615805,0.8311832932079645,0.8258596373666618,21.52683333333333
STEERER,Mall,2000,10.050795642375943,10.626402834974396,2.231510528561252,0.4481771251564787,36359,10980,25956,31.1575,21.107228802204133,0.7680559369652928,0.5834710743801653,0.6631586627026829,23.6695
