model,dataset,frames,mae,rmse,avg_fps,avg_time_sec,total_tp,total_fp,total_fn,mean_gt,mean_pred,precision,recall,f1
FIDTM,FDST,6000,3.6135,4.736577526723981,2.2691818209712533,0.48955794563565824,89871,27295,37646,21.252833333333335,19.527666666666665,0.7670399262584708,0.7047766180195582,0.7345912875026055
FIDTM,Mall,2000,3.167,3.9378928375464968,8.957015732995814,0.11340293414049915,41897,15786,20418,31.1575,28.8415,0.7263318482048438,0.6723421327128299,0.6982949715828596
