model,dataset,frames,mae,rmse,avg_fps,avg_time_sec,total_tp,total_fp,total_fn,mean_gt,mean_pred,precision,recall,f1
PET,FDST,6000,3.5036666666666667,4.7788422586787,1.7924702820835876,0.6490285618158131,94477,32524,33040,21.252833333333335,21.166833333333333,0.7439075282871789,0.7408972921257558,0.7423993587879837
PET,Mall,2000,3.4055,4.341255578746775,7.868526147968152,0.12715537772450533,37748,20890,24567,31.1575,29.319,0.6437463760701252,0.6057610527160395,0.6241763329557762
