model,dataset,frames,mae,rmse,avg_fps,avg_time_sec,total_tp,total_fp,total_fn,mean_gt,mean_pred,mean_pred_points,precision,recall,f1
STEERER,FDST,6000,3.104901890595754,3.9797346499163715,2.2262874972406603,0.4491835986303325,105990,23171,21527,21.252833333333335,19.0116205201149,21.526833333333332,0.820603742615805,0.8311832932079645,0.8258596373666618
STEERER,Mall,2000,10.050795642375945,10.626402834974396,2.2315105285612518,0.44817712515647873,36359,10980,25956,31.1575,21.107228802204133,23.6695,0.7680559369652928,0.5834710743801653,0.6631586627026829
