{
    "outlier_threshold_total_count": 500,
    "outlier_frames_removed": 94,
    "original_frames": 4627,
    "cleaned_frames": 4533,
    "global_summary_cleaned": {
        "outlier_threshold_total_count": 500,
        "outlier_frames_removed": 94,
        "processed_frames_original": 4627,
        "processed_frames_cleaned": 4533,
        "video_duration_sec": 153.95628601685758,
        "estimated_fps": 30.047490230398875,
        "mean_total_count": 141.27443194352526,
        "median_total_count": 116.0,
        "min_total_count": 81,
        "max_total_count": 457,
        "std_total_count": 56.078486888227,
        "mean_inference_time_sec": 0.056461141358246536,
        "median_inference_time_sec": 0.0560469627380371,
        "mean_inference_fps": 17.809666023194026,
        "median_inference_fps": 17.842180042368916,
        "min_inference_fps": 0.6963905707514911,
        "max_inference_fps": 19.64535997489473
    },
    "highest_mean_count_zone": {
        "zone_name": "sidewalk_right",
        "frames_observed": 4533,
        "mean_count": 43.029781601588354,
        "median_count": 46.0,
        "min_count": 11,
        "max_count": 66,
        "std_count": 11.114355628352532,
        "mean_density": 0.00040970599281686074,
        "median_density": 0.0004379867842248,
        "min_density": 0.0001047359701407,
        "max_density": 0.0006284158208443,
        "std_density": 0.00010582480174768483,
        "zone_area_pixels": 105026.0,
        "count_variability": 0.25829449312575586,
        "density_variability": 0.258294492501344
    },
    "highest_max_count_zone": {
        "zone_name": "crosswalk_main",
        "frames_observed": 4533,
        "mean_count": 28.01257445400397,
        "median_count": 2.0,
        "min_count": 0,
        "max_count": 161,
        "std_count": 47.88359368727244,
        "mean_density": 3.9755068914276576e-05,
        "median_density": 2.8383731013057937e-06,
        "min_density": 0.0,
        "max_density": 0.0002284890346551,
        "std_density": 6.795575215788693e-05,
        "zone_area_pixels": 704629.0,
        "count_variability": 1.709360693148246,
        "density_variability": 1.7093606502118892
    },
    "highest_mean_density_zone": {
        "zone_name": "sidewalk_right",
        "frames_observed": 4533,
        "mean_count": 43.029781601588354,
        "median_count": 46.0,
        "min_count": 11,
        "max_count": 66,
        "std_count": 11.114355628352532,
        "mean_density": 0.00040970599281686074,
        "median_density": 0.0004379867842248,
        "min_density": 0.0001047359701407,
        "max_density": 0.0006284158208443,
        "std_density": 0.00010582480174768483,
        "zone_area_pixels": 105026.0,
        "count_variability": 0.25829449312575586,
        "density_variability": 0.258294492501344
    },
    "highest_max_density_zone": {
        "zone_name": "crosswalk_top",
        "frames_observed": 4533,
        "mean_count": 2.1206706375468785,
        "median_count": 1.0,
        "min_count": 0,
        "max_count": 14,
        "std_count": 2.718922657065903,
        "mean_density": 0.00017724690856674722,
        "median_density": 8.358059258640144e-05,
        "min_density": 0.0,
        "max_density": 0.0011701282962096,
        "std_density": 0.0002272491668741574,
        "zone_area_pixels": 11964.5,
        "count_variability": 1.2821051075281344,
        "density_variability": 1.2821051008992654
    },
    "highest_high_or_critical_duration_zone": {
        "zone_name": "sidewalk_right",
        "LOW": 0,
        "MEDIUM": 216,
        "HIGH": 336,
        "CRITICAL": 3981,
        "LOW_frames": 0,
        "LOW_seconds": 0.0,
        "MEDIUM_frames": 216,
        "MEDIUM_seconds": 7.1886203587637425,
        "HIGH_frames": 336,
        "HIGH_seconds": 11.18229833585471,
        "CRITICAL_frames": 3981,
        "CRITICAL_seconds": 132.49026688999285,
        "total_frames": 4533,
        "total_seconds": 150.86118558461132,
        "high_or_critical_frames": 4317,
        "high_or_critical_seconds": 143.67256522584756,
        "high_or_critical_percent": 95.23494374586366
    },
    "highest_accumulating_zone": {
        "zone_name": "sidewalk_left",
        "ACCUMULATING": 1217,
        "DISPERSING": 1189,
        "STABLE": 2127,
        "total_frames": 4533,
        "ACCUMULATING_percent": 26.84756232075888,
        "DISPERSING_percent": 26.229869843370835,
        "STABLE_percent": 46.92256783587028
    },
    "peak_global_count_frame_cleaned": {
        "frame_id": 492.0,
        "processed_id": 492.0,
        "timestamp_sec": 16.37407970607305,
        "total_count": 457.0,
        "inference_time_sec": 0.0568940639495849,
        "inference_fps": 17.5765261009676
    }
}